"3","펭하","오징어쌀빵은 굉장히 부드러운 고로케같은 느낌이라 괜찮았어요. 그리고 빵들이 전반적으로 저렴해요. 근데 동네빵집이지 맛집빵집은 아닙니다. 전반적으로 맛이 클래식해요. 팥빵 슈크림빵 크림빵 이런계열 추천합니다.","2020.11.15."
"5","금호베스트","오징어쌀빵 매콤하니 색다른 맛이네요! 추천합니다!","2020.10.10."
"5","은지(단추)","오징어쌀빵 매우 맛있어요! 가격도 정말 저렴합니다. 밑에분 말씀처럼 터무니없는 가격받는 번지르르한 베이커리들보다 훨씬 실속있고 좋습니다. 딱 동네의 오래된 잘만드시는 빵집 느낌","2020.08.02."
"5","HJ","가격도 저렴한 편인디 맛있네요. 최근에 수도권에 포장만 번지르르하게해서 비싸기 받고 맛없는 빵집보다 동네빵집에 가격도 저렴한데 맛은 기대 이상입니다. 특히 카스테라와 슈크림빵 너무 맛있어요.","2020.07.10."
"5","젊은노인","혹시나 했는데 역시 명장임다","2019.12.14."
"5","avery","속초에서 맛잇게 먹을만한 곳 한 군데 더 찾아서 좋아요 :)  ","2021.03.09."
"5","하하하","포장해갔는데 맛있게 먹었어요 다만 면발이 다 엉켜있어서 먹기 힘들었네요","2021.02.18."
"1","*나마스떼*","내 입맛이 이상한가? 맛이 없는건가? 먹다 남김  ㅜㅜ","2021.02.13."
"1","[The Great Brian]","전에 맛은 있었지만. 지금은 instant 같아요. 피하세요.","2021.02.12."
"1","Sean","일단 노인 할매가 젊은 서빙하는 외국인 애들에게 자꾸 말걸고 귀찮게하고 지적질을 하는데!  먹는중에 짜증나서 한소리 할려다 참았음!!  만두 : 보통(맛있지도 맛 없지도 않음.)  함흥냉면 - 온육수 : 짜고 비리고. 특히 짬. - 면 : 얇은 당면같은 느낌. 씹을때 식감이 별로임. - 소스 : 맛없음. 면과 어울리지도 않음. - 고기 : 너무 얇은 고기 ...더보기","2021.01.17."
"4","가나^^","외지나와서 입에 맞는 음식 먹기 힘들죠 보통입니다 잘!먹고갑니다~~^^","2021.02.14."
"3","osantafe","고기 거의 안들어간 갈비탕이 만원이라 깜놀 ㅜㅜ 막국수도 만두도 특별한 맛 없음 12시 넘어 첫끼 먹느라 배고팠는데 식구들 모두 열심히 안먹음 ㅜㅜ","2020.10.03."
"5","ptau","수육소자랑 회막국수먹었어요 진짜 맛있어요!!추천추천! 주차는 간처 로데오공영1에 하고 100미터정도 걸음되어요","2020.08.08."
"5","박지환","이곳은 진짜 맛집입니다.. . .  . . 명태회도 수육도 다 정말 정말 묵직하게 맛이 깊고.. 진짜 맛있네요 부드럽구요 평 안 보고 가도 딱 장인의 집이다 라고 누구나 알 수 있을듯.. 개성이 있고 내공이 느껴져요 먹어본 막국수중에 제일 맛있었어요ㅠ 꼭 가보세요!! ","2020.06.21."
"5","허기수","옛맛을 간직한 냉면집","2019.12.23."
"1","常夏","양이 너무 적고 생선 퀄리티가 낮습니다 알면서도 갔지만 딴 건 몰라도 최소한 생선은 좀 좋은 것 쓰길 바랍니다 주차는 혹시나 하고 근처 가볼 생각하지말고 그냥 최대한 가까운 유료주차장에 대고 걸어가세요","2021.03.07."
"1","흐르는 강물","생선구이가 생선 굽는 거지 뭐 별 게 있는 것도 아니지.","2021.02.12."
"5","김현중","이렇게 싱싱하고 가성비 좋은데 비싸다고 해서 긴가민가 했다! 양도 많고 심지어 고기 다 구워주셔서 별 5개 드리고간다","2021.02.11."
"3","밍이","보통이에요","2021.02.02."
"1","박수영","여기 완전 눈탱이 맞아요.. 1인분에 15,000원 너무 비싸고, 숫불에서 구워 먹는데 너무 빨리 구워서 탄 맛만나요.. 종로 생선구이 생각하면 절대 안돼요.. 이번 속초 여행중 최악의 식당. 이것 보시고 딱 한번만 가능 식당으로..","2021.02.01."
"5","Genuine","맛있게 잘 마셨습니다. 추억이 있는 곳. ","2021.01.25."
"4","맛있는거 최고","분위기 좋고 사진도 넘잘나와요!! 커피는 쏘쏘 설악산 가는 루트면 꼭 들려야하는곳!!","2020.11.02."
"4","호홓","커피가 맛있는건 팩트!!!! ","2020.10.11."
"4","SS","속초 올때마다 매번 들리는 곳.  한적하고 분위기 좋음  다만 음료 맛은 기대하지 마시길","2020.10.07."
"1","미소","전체적으로 별 하나도 주고싶지 않아요.. 스끼다시 때문에 왕실망되고...메인회는 신선해서 별3개정도 (양식회2인상 9만원)","2020.11.21."
"1","hjyou","별로예요","2020.11.02."
"1","김재빈","동해식 횟집과 서해식 횟집이 다른 것은 아는데요. 밑반찬들이 말라서 오래된 느낌을 주었고 너무 부실했습니다. 장어탕수는 너무 퍼석거렸고 고구마줄기 무침은 서걱거리고요. 대기 시간도 너무 길었어요. 오래된 사진들이 다닥다닥 붙어있고 그나마 사진들도 바래졌고요. 미뤄봤을 때 인테리어도 별로 신경  안 쓰시는 듯. 대형 얼음접시에 나오는 회는 신선했어요. 술맛이...더보기","2020.10.09."
"1","초코맛","아~~ 진짜. 송강호배우님까지 싫어질려고해요 서빙보시는 분이 너무 친절하셔서 암소리 안하고 나왔습니다.   ","2020.09.10."
"1","ㅎㅎ","돌아가.....","2019.10.24."
"5",".","최고예요","2021.03.10."
"5","미니","처음 먹어봤는데 진짜 맛있었어요ㅠ 단일 메뉴라 엄청 아쉬웠는데 먹어보고  쬐끔 덜 아쉬워졌어요  같이 나온 김치들도 맛있어요 이제 속초가면 꼭 먹을거에요!","2021.03.08."
"3","윰","맛있는데 양이 적어요 옹심이 손 많이가는 음식인건 알지만~ 둘이 2인 시켰는데 간식 먹은 느낌^^!","2021.01.30."
"3","류병도","예전엔 맛있었는데 조금 변한듯...","2021.01.29."
"5","ch.","재방문 의사 : 강력함 ㅎㅎ","2021.01.27."
"4","전성현","체험을 못한게 아쉬움. 무료로 볼 수 있어서 좁지만 나쁘지 않았음.","2020.08.22."
"5","배추도사","꼬옥 예약하고 가세요!!! 전시가 더풍부해지몀 좋을 것 같은데  우선 등산에 대한 컨텐츠를 다룬 곳이 있다는 것 자체가 즐겁고 좋았습니다!  흔히 알던 봉우리들도 다 누군가에 의해서 대중화된 곳이고  그곳을 목숨걸고 거쳐간 많은 분들이 있다는 게 묘했습니다.  등산 좋아하시는 분들은 재밌게 보실 것 같아요. ","2020.01.07."
"4","flow","다양한 체험거리가 많은 박물관입니다. 암벽체험, 고산체험, 산악교실 등의 체험거리가 있는데 홈페이지에서 미리 예약을 해야합니다.","2019.09.18."
"5","출발","속초여행날 비가와서 가게된곳. 체험할 것이 꽤 있어서 좋았습니다. 예약을 하고 가야할수있는게 대부분인데, 다행히 인원이 비어서 현장에서 산악VR체험을 해보았네요. 다음에는 산악등반을 예약해서 가보려고합니다. 그리고 건물 전반적으로 깔끔하고 북카페가있어 자녀들 체험하는 동안 주위 풍경보면서 기다리기에 좋았습니다.","2019.07.13."
"1","강창환","오래간만에 속초갔다가 굿모닝호텔 예전에 깨끗하고 좋아서 다시갔다가 챈구한테 욕만 엄청먹었네 바닷가 추운데 난방을 밤10사부터 넣어준다하고 면도기 칫솔등 1화용품 전혀없고 커피보트도 없고 커피 물등 아무것도 없고 가운도없고 식수도없어서 다시 퍈의점으로나와서 사가지고 들어감 애불을 덮을려고 하다가 가잘하는줄알았음 이불이 찢어지고 오래되서 누더기 이불 완전 가절...더보기","2021.01.24."
"3","최윤주","가성배 굿 침구 깔끔하고 오래되었지마 깨끗한 내부 아쉬운것은 냉장고가 넘 오래 되어서 따뜻하고 물 잘나오고 환경늘 위해 일회용품 안주는 것도 굿 시장에서 음식 사다가 먹을수 있어서 굿 속초에 오몀 다시 머물고 싶은 곳","2021.01.07."
"1","망","침구가 하얀색인데 누렇고 방음 안 되고 일회용품(칫솔,폼클렌징,바디워시)도 제공이 안 돼서 못 씻고 갑니다..","2020.12.31."
"1","서수남","더렵고 방음을 잘안된지 옆방에서 나온 소리 때문에 되게 민망했습니다:(((","2020.08.11."
"3","ㄱ 덕구네 민박-barcelona","ㅠㅠ 지저분","2020.07.31."
"5","dtt","까마득한 철제계단을 올라가면 보이는 절경. ","2021.03.07."
"5","룰룰","경치 끝내줘요","2020.11.15."
"5","이광환","설악산은 매년가지만 금강굴은 30년만에 가보니 철계단 오르기 현기증 나네요  경사도가 넘 아찔합니다 금강굴에서 바라다 보이는 뷰는 정말 환상적 입니다 금강굴 내부 바위에서 떨어지는 침출수 약수 맛도 끝내줍니다   단!  오르는 철계단 편안하게  오를수 있도록 개선해주었음  더 좋을텐데    ","2020.10.01."
"5","박채환","비선대까지 왔으니 금강굴도 한 번 가봐야겠죠. 비선대부터 약 40분 정도 계단(돌계단, 철계단) 오르는 코스입니다. 주변경치 보면서 오르는 맛이 있네요. 가파르니 무릎 안 좋으신 분이나 고소공포증 있느신 분은 어려운 코스입니다. 금강굴에 스님 한 분 계시는데, 화요일은 쉰다고 하시네요.","2020.08.29."
"1","Bruce - LEE","솔직히 유명하다고해서 큰 기대를 가지거 갔는데 제대로 낚였다! 맛도없고 음식에 성의라거능 눈꼽만큼도 않보였고!. 무뚝뚝한 서비스에 가위는 휙 집어던지고 가고 반친은 참 건조하다! 다시는 안간다!","2021.02.28."
"1","성진","맛은 보통이고 사장님이 너무 불친절하고 틱틱거리며 요새 믹스커피 기계 누르면 믹스커피 그냥 나오는데 백원 넣어야 믹스커피 나옴.","2021.01.31."
"5","혜리","현지인으로서 안좋은평이 많아 리뷰 달아요! 속초에 냉면집들은 거의 나오는대로 먹으면 맛이 덜해요!  ☆식탁에있는 설탕 한스푼, 식초 한바퀴 겨자조금 등을 넣어 드셔야 맛있어요! ☆ 어느한가지라도 빠지면 맛이 없답니다..ㅠㅠ  맛있게 먹으러와서 맛있게 못드시고 간 분들이 안타깝네요..ㅠ 참고하세용! -내돈내먹-","2020.10.03."
"1","ㅋㄹ","가격은 비싼데 양도 없고 사장님이  너무 불친절하시네요~~~^^^^^^^","2020.08.24."
"1","정재영","왠만하면 리뷰 안다는데 주차장도 없어서 멀리서 걸어가고 맛도 별로..","2020.08.17."
"5","각난닫랄맘밥삿","차 시간 착각해서 급 머물게 됐는데 딱 필요한 것들만 있고 깔끔했습니다","2020.01.08."
"5","가즈아","금액대비 가성비는 최고인 것 같아요!!!! 숙박을 어디서 해야할까 고민하다가 숙박한 곳인데, 방 컨디션도 나쁘지않고 비품도 여러모로 잘 챙겨주신 것 같아서 만족했습니다! 혹시 또 속초 놀러가게되면 들릴의향있어요~ 사장님 감사했습니다!ㅎㅎ","2020.01.08."
"5","이승현","넓고 직원분들 서비스가 진짜 좋더라구요. 기분 좋게 쉬다갔어요~ 다음에 가면 또 이용해야겠어요 추천합니다!!","2020.01.08."
"1","ㅎ ㅜ ㄴ","지하 음악주점에서 나는소리가 건물 전체에 울려서 엄청 시끄러워서 잠을 못잘 정도네요. 층간 소음도 엄청 심하네요. 최악의 모텔입니다. 위에서 말하는 소리가 다 들리는데 미치도 환장!","2019.12.29."
"4","mmj","위치도 괜찮고 엄청 깔끔해요. 저렴하게 하룻밤묵기에 만족스러웠어요","2019.02.03."
"5","핫플레이스","최고예요","2020.09.12."
"3","Hoonesq","속초 살면서 이 동네 다 먹어보고 확실한 결론. 이 동네에서는 신다신이 젤맛","2021.02.27."
"4","(ღ˘ω˘ღ)","평일 점심 어중간한 시간에 방문했는데 줄도 없고 내부도 여유로웠습니다~! 순대국밥이 유명한 집인 걸로 아는데 순대를 안 좋아해서 갈 생각을 안 하다가 명태회냉면도 맛있다는 말을 듣고 냉면 먹으러 왔습니다ㅎㅎ 회냉면에 안 좋은 추억이 있었는데 단천식당 회냉면은 맛있어요!! 쫄깃한 명태살과 적당히 매콤하고 달달한 양념이 아주 조화로웠어요( ◠‿◠ ) 다만 온육...더보기","2021.02.25."
"3","조예나","맛은 있으나 굳이 여기서 줄 서서 먹을 정도는 아닌듯해요 중앙시장에서 사드셔도 충분할듯","2021.02.22."
"4","김난희","사장님 친절하시고 명태회 정말 맛있어요! 명태회냉면은 꼭드시길 추천합니당~","2021.02.21."
"5","CSJ","명태회냉면 순대국밥이 맛있었어요. 요즘엔 체인점국밥도 8000원은하는데 가성비 좋게 잘먹었습니다!","2021.02.14."
"5","김종현선배님","르키애렅","2021.02.18."
"1","강동","바가지","2020.12.14."
"2","Goldberg.D","조금 아쉬워요","2020.12.04."
"1","엿장수","사람들이 안가는 있음","2020.10.07."
"3","호용","Cannon Port로 영문 이름 바꿔야 함.","2020.07.08."
"5","자양혼","가성비 좋습니다. 객실 내 온천수도 나오고 조식도 훌륭합니다. ^^","2020.11.14."
"3","박민지","보통이에요","2017.09.09."
"1","형철!","맛 없어요 가격도 비싸구요 ㅠㅠ","2021.01.19."
"3","leesj","재료가 신선하네요 맛도 괜찮은것 같고요 밑반찬도 나름... 그런데 서비스는....","2020.12.30."
"1","한미경","전복해물뚝배기 정말 맛도 없고 반찬도 다 맛 없어요. 그리고 넘 비싸요. 주차장도 없고 대포항주차장 주차권도 안줘요. 모든것이 아주 별루입니다~~~ㅠㅠ","2020.10.24."
"3","나믹","걍 개별루임 아침에 먹을거없어서 허버허버 들어가서 먹엇는데 썩...ㅠ 걍 제가 해물뚝배기를 별루 안즐겨서 그런거 같기두 하구 ㅠㅠ 오징어젓갈이 젤루맛나요, ","2020.10.02."
"5","zackie","전복죽이 찐이네요! 반찬까지 남김없이 다 먹었습니다. ","2020.08.13."
"1","GDR","동명회센터 가운데쯤 공주상회 033)636-2717 와 4번 회 뜨는 곳. 완전 사기. 3만원짜리 가자미회를 30분 넘게 기다려서 받았는데 새끼 손톱만한 조각으로 10개도 안나왔고, 다른사람 것 숨겼다가 주는지 더럽게 행주에서 털어서 줌.  매운탕거리는 너무작아서 없다고 남이 버리고 간것 주워서 주는데 먹고싶은 맘이 안생김. 회뜨는데 10% 3천, 초장 1...더보기","2021.02.21."
"1",".","별로 볼것없는 곳","2020.10.20."
"1","ㆍ","아주머니들  ~  호객행위 조ㄴ나게 해대다가 그냥 지나친다고 그따구로 굴지마세요~ 꺼내지말라는데 꺼내서 지맘대로 무게재놓고 안사고가니까 그물망 패댕기치면서 ○○○한 아주머니 ~ 그러다 오래 못사십니다ㅎㅎ","2020.05.13."
"2","정민규","횟감 테이크아웃할때, 초장 쌈장 간장 와사비 쌈채소는 근처 마트에서 사가세요. 요즘 사람들 눈썰미 있어서 회로는 눈탱이 못치니까 양념채소로 눈탱이 치네ㅠ","2020.05.03."
"2","우리이니 잘한다","올해 어황이 안 좋은가 좋은 횟감이 안 보임","2020.03.21."
"5","solhee","소머리순대국밥 정말 깔끔하고, 아바이순대국밥 진국이에요. 국밥 둘다 감칠맛 너무 좋고, 깍두기며 배추김치며 심지어 양파에 된장까지 맛있었어요. 속초 오면 무조건 재방문할거에요! ","2021.01.31."
"5","1시에배고픈돼지","순대국 깔끔하고 맛있음. 마늘이 들어간건지 구수하고 중독성 있음. 고추랑 다데기 넣으면 더욱 꿀맛. 아비이순대는 곁들어먹기 좋음. 순대는 몰라도 순대국은 필수!!","2021.01.27."
"5","임현기","아바이순대, 국밥 맛있습니다 세번째 방문 변함없는 맛","2020.12.12."
"4","맛집조아맘","돼지국밥이 정말 맛있어요. 오랜만에 맛있는 돼지국밥 먹었어요. 고기도 듬뿍 들어있고~  같이 돼지부속고기+당면순대+내장 을 시켰는데...고기는 맛있었는데...내장고기는 잡내나고 간은 말라서 1점 뺐어요 ㅠㅠ  그래도 깍두기랑 국밥이 너무 맛있어서 4.5점!","2020.12.05."
"5","산천초목","20201115","2020.11.25."
"5","초가 10개될때까지~","정갈하고 반찬이 깔끔하니 맛있네요. 제 입맛엔 속초 최고 맛집!","2021.02.21."
"5",".","최고예요","2020.11.05."
"4","박상진","다 좋은데 황태탕이 잼병","2020.10.30."
"5","Hyung In","막걸리맛집","2020.08.30."
"5","kim","반찬 깔끔하구 맛있게 먹구 갑니다","2020.05.30."
"3","ㄴㅎ","밤에 갔더니 좀 무서웠지만 좋았어요!","2021.02.04."
"5",".","최고예요","2020.12.27."
"5","pizzapower","최고예요","2020.08.17."
"5","정세준","물이 시원하고 모래는 따뜻해서 좋았어요~","2020.08.12."
"1","이길열","샤워시설  3천원이 아까울정도.숙소근처. 가까운곳. 찿아서갔는데 시설 너무 안좋음","2020.08.10."
"5","ss","최고예요","2021.03.10."
"5","고앵이","뷰가 너무 예뻐요 방도 아주 깨끗합니다","2021.02.28."
"4","냠냠쩝","객실은 특색없지먼 깔끔하고 뷰가 좋아요  리조트쪽보다 호텔쪽이 뷰가 더 좋다고 하네요","2021.02.18."
"3","길영옥","보통이에요","2021.02.16."
"5","목블랑","부모님께 효도하고 싶으면 추천. 근처에 있는 식당들은 모두 수준이하.","2021.01.16."
"5","최재훈","특실 너무 넓고 테라스도 좋아요","2020.11.29."
"5","GAINT","6월 말에 다녀 왔는데 다른 숙소에 비해 가격도 저렴하고 사장님도 친절하시고 모든 것이 좋았어요.. 특히 방 청결상태도 괜찮았고 침구가 모두 흰색이라 믿을수 있었어요. 속초에 가게 된다면 주저없이 모아모텔로 숙소를 잡을것 같아요...","2017.07.15."
"5","전소영","가격도 적당하고 깔끔하네요 ㅋㅋ 냄새도 안나고 이불도 깨끗하서 굿","2013.05.14."
"3","철이","그냥  보통  옛날 식당 분위기에 매운듯한 평범한 맛","2020.10.17."
"1","박치우","가격대비 많이 아쉬운 맛.  조화롭지 못한 재료에 따로노는 순두부. 왜 리뷰높은지 몰겠음. 감자조림이 제일 맛있음.","2020.08.24."
"3","Hongs","보통이에요","2020.08.10."
"5","ㅇㅎㅅ","리뷰를 한번도 남겨본 적 없는데 이 집은 정말 최고여서 남길 수 밖에 없어요! 해물순두부짬뽕..세상 첨 맛보는 깊은 맛을 느낄 수 있었습니다ㅠㅠㅠ 집만 가까우면 매일 찾아가고 싶은 맛이에요 멀어도 또 갈겁니다ㅠ.ㅠ","2020.04.19."
"3","원더풀","보통이에요","2019.11.01."
"3","승규","9만원짜리 일반실예약. 방이 더럽지는않으나 오래된느낌 물씬.. 개인적으로는 나쁘지않았으나, 깔끔한 숙소 원하시는분들은 불만족스러울수도. 밤에 가끔씩지나가는 자동차소음 간간히들림. 예민하면 불편할수도. 냉장고는 냉장 냉동 둘다 잘돌아감. 다만, 야간에 잘때 냉장고소리 웅웅거려서 잠깸 ㅠ 아침 일출뷰는 최고인듯 바로앞이 동해바다라서. 화장실도 더럽지는않으나 오...더보기","2021.02.15."
"2","맛집을 찾아서","스위트룸에 대한 평가. 청결 - 창틀에 벌레 시체, 바닥 또한 그리 깨끗하진 않음 시설 - 노후가 상당히 진행되어 화장실 문도 제대로 닫히지 않는다. 뷰 - 바다 바로 앞이라 뷰는 상당히 좋다. 온도 - 겨울에 이불을 안 덮고 자도 좋을 정도의 따뜻함. 가격 - 설날이라 그런지 22만원정도 했다.  총평 - 뷰만 본다면 괜찮겠으나 그걸 떠나면 굳이 다시 찾...더보기","2021.02.13."
"5","대우엉아","속초만 생각하면 기분이 좋아지는 지역인데 와이프랑 또 놀러가려구요 숙소도 너무 맘에 들었구요 뭐 개인차지만 저는 좋았습니다.","2020.02.07."
"5","띵똥띵똥","속초 진짜 저랑 남편이랑 좋아하는 곳이라 여행갔는데 숙소도 맘에 들어서 너무 좋았어요 시국이 좀 그래서 그렇지만 얼른 잠잠해지면 또 속초 놀러가려구요>_<만족만족!!","2020.02.07."
"5","★고고밍★","가족여행다녀왔는데 너무 편하게 잘쉬고온듯요~~~ 시설도 깔끔하고 일하시는분들도 친절하시고 추천올려드립니다~~","2020.02.07."
"5","보덕","영랑호와 같이 있으면서  따로 있는듯 분지처럼 폭쌓인곳에 멋진 사찰이 있네요. 24시간 개방된 사찰 새벽기도 하기에 정말 좋은 곳입니다.  옆에 우뚝 솟은 아파트가 세속과 같이,  함께 하라고 하네요","2021.01.23."
"4","황태승","좋아요","2020.10.18."
"4","동수","좋아요","2018.11.12."
"5","이정식","설악산과 영랑호의 절묘한 경치","2017.12.30."
"5","jsleeusm","멋진 환경에 비해 고요한 절","2017.01.21."
"5","dtt","설악산에서 쉬운 코스. 맑은 물, 절경","2021.03.07."
"5","룰룰","길도 쉽고 경치는 최고고 짱","2020.11.15."
"5","박채환","주차장(설악케이블카 부근)에서 약 3km이고 비선대까지는 쭉 평지 산책로입니다. 부담없이 산책하기 좋네요.","2020.08.29."
"5","무한가치","가벼운 발걸음, 가벼운 복장으로 설악의 기운과 향기를 느낄 수 있던 비선대!!","2020.04.22."
"5","사실만말해오","평탄하게 산책 삼아 걷기에 좋은 코스 !  그래서 비선대만 간다는게 함정 ㅋㅋㅋㅋㅋㅋㅋㅋㅋ","2020.03.18."
"4","mkim","이제는 물곰탕 1인에 2만원. 맛 깔끔하고 좋아요.  다만 흐물흐물 식감을 싫어하시는 분들은 비추요~","2021.02.07."
"3","이승현(이방자)","맛  괜찮음 가격 2만원(1인분)  비싸다고 생각. 15000원  정도가 적당하다고 봄. 화장실도 안좋음","2020.12.27."
"5","입랑","약 2~3년전 수요미식회 효과로 줄 엄청서서 먹었는데 그 맛에 깜짝 놀랐어요 물곰탕 잊지못하는 시원한 맛 반찬도 손맛이 좋으셔서 모두 맛있어요","2020.12.15."
"3","CELINA","가자미조림 소 27,000원 공기밥2개 별도. 생물이라 부들부들하고, 맛은 매콤달달합니다. 아침 10시에 갔는데도 waiting list 작성하는게 인상적이였습니다만, 금방 빠집니다. 반찬 1회 리필가능이라고 써있어서 좀 기분이 안 좋았어요. 집밥 느낌은 나지만, 밑반찬이 특별하진 않아요. ","2020.11.23."
"1","Glenny Boi","엄청나게 대단한 맛도 아니면서 반찬 리필 받으려면 빈접시 들고 구걸하듯 계산대 옆에 직접 들고 나가야 하고 그것도 한번만 리필 해준다고 선심 쓰듯이 떡하니 붙여놨네? 곰치국은 강릉 성원식당이 나에겐 올타임 넘버원. ","2020.10.31."
"5","정혜승","아이들과 숨은 작품찾으며 즐겁게산책했습니다♡","2020.08.08."
"5","OliverUK","5,000원 좋은 가격이에요. 많이 특별한 예술 작품있어요.  5k was a really fair price for the museum, a lot of really interesting pieces to see, we really loved it!","2020.08.09."
"1","양혜린","5000원 아까워요","2020.07.16."
"4","떠나보고서","도자기에서 장식은 옷을 입히는 마지막 작업으로 나라마다 문화가 다르듯이 도자기 문양도 뚜렷이 다른 점을 볼 수 있다. 중국과 일본은 호화롭게 몸 전체를 장식하지만 거기에 비해 한국의 도자기는 조선시대부터 이념과 관습에 맞게 아름답게 전개되었다. 즉, 유교사상의 선비정신에 입각한 정숙함과 소박한 미를 도자기에서도 볼 수 있으며, 이때부터 형태와 문양, 색상의...더보기","2020.02.18."
"5","오현","다 보고 나갈때 운좋게 석봉선생님이 입구에 계시길래 사진 한장 찍음ㅋㅋ","2019.12.15."
"5","무아드","속초에 이런 곳이 있다니 놀라울 따름","2019.08.24."
"5","atoz","awesome","2020.02.13."
"3","myks","20191012 부부","2019.10.12."
"5","윤희림","2018.11.10 (오색>대청봉>오색) 말로 표현할 수 없는 감동입니다.","2018.11.14."
"5","김형호","최고예요","2017.09.24."
"5","손광현","대청봉","2016.09.16."
"5","노재선","최고예요","2021.02.21."
"4","채희웅","조금비싼감이 있긴한데 설악산 방문할때마다 탑니다 한번 올라가보시면 돈이 아깝지 않으실거에요","2021.01.02."
"5","이윤진","가격대가 쫌 있긴하지만 후회없이 너무 잘 보고 왔어요^_^","2021.01.02."
"2","김현수","너무비쌈","2021.01.01."
"4","세컨잡스","숙박시설은 so so하지만.. 사람이 별로 없어서 물도 깨끗하고 노천탕 즐기기엔 최곱니다. 가성비 최곱","2020.02.12."
"3","eneenam","스파직원은 매우불친절합니다. 노천탕은 3~4가지 구성으로 다양하네요. 매우뜨겁거나 매우차가운 탕은없어요. 바깥풍경이 논밭 산이라서 공기가매우좋아요","2019.10.06."
"5","dtt","꿈떡도 안해요","2021.03.07."
"5","채정훈","최고예요","2020.06.30."
"3","myks","20200613","2020.06.13."
"5","방극수","최고예요","2020.06.09."
"5","그렇군요","이거 굴러서 떨어졌는데.. 업데이트 좀 해주세요. 전에 주한미군 다섯명이 밀어서 떨어졌어요. 뻥~~이요 하는 엄청난 굉음과 함께","2019.02.12."
"1","한번 먹어보자","아시아나 망하면서 여기도 망한거 같아요. 청소 안되어있고 휴지는 쓰던거 있고...휴 돈 아깝다","2021.03.03."
"5","성동구하람두","최고예요","2020.11.04."
"4","이종학","일요일 1박을하여 다소 북적이는 느낌은 드나 직원들의 관리가 모든 내방객에 만족을 주었고 숙소의청결함이 내집보다 더 만족하였다 비품중에 전자레인지가 없다는게 큰 흠이었다. 또한 엘리베이터를 수리중이라 다소 어려웠다  하지만 다음에는 모든게 해소되어 대 만족감을 얻으리라 기대된다  적극 추천합니다.","2020.10.29."
"1","여행가","지금까지 써본 숙소중 워스트 탑3안에 들 숙소. 1. 체크인 3시체크인인데 청소중이라 기다리라고해서 5시에 들어감. (2시간동안 로비에서 멍때리기) 레이트체크아웃을 받긴했지만(이것도 요청해서 받은거. 사과한마디 없었음)이미 망가진 스케쥴을 돌릴수는 없었음.  2. 청결 들어가자마자 화장대 위에서 누군가의 머리카락을 발견하고 벽에서 누가 잡아 찌부된 상태로 ...더보기","2020.08.27."
"3","호리","쪼끔 노후화되있지만 괜찮음, 해수욕장 가깝고, 직원들 친절함, 오락실도 은근 넓음","2020.08.05."
"5","푸른하늘","어찌 몇자 글로 표현할 수 있겠어요 날씨 좋으면 무조건 케이블카!! 토왕성폭포가 얼어서 살짝 끝을 보여주네요","2021.01.15."
"5","룩","뷰가 기가막힘","2020.12.16."
"5","hee","대단해요 말로 표현이 안돼요  꼭 가보시길","2020.11.13."
"5","깜","권금성 자체는 황토색 돌산일 뿐이지만 그곳에 올라 바라보는 외설악의 풍경이 가히 일품 케이블카를 이용해 쉽게 오를 수 있는 것이 큰 장점","2020.09.23."
"5","와니","최고예요","2020.07.31."
"5","dtt","하루만에 가볍게 올라갔다 내려올 수 있는 원데이 설악산코스","2021.03.07."
"4","Pete","소공원에서 왕복 네시간 정도의 중급코스.","2021.03.02."
"4","밀양 토박이","흔들바위부터 경사길 바람도 엄청부는 2월 3일갔는데 ..손시렵고  추워죽는줄알았음 정상에서  바람안부는 바위에   숨어있다가  사진 찍으려다가 장갑을 못 벗어서  허겁지겁 내려옴. ","2021.02.03."
"5","Alpiner","최고예요","2021.01.25."
"5","ANDREY","the whole climb took about 1.5 hours.  It was worth it, the view  like from space","2020.12.25."
"5","지롱","한적하고 자연경관이 아름다워요.","2020.11.15."
"5","BT390","뚜벅이는 힘들어요 나가는 길 택시 안 잡힘 ㅜㅜ 그렇지만 아담하고 예뻐서 강추","2020.07.22."
"5","밍디","산책하기 넘 좋아요!","2020.06.29."
"5","최선생","이렇게 좋은 곳이 무료 입장이라니! 숲 속 산책길과 계곡, 물가의 정취를 느끼며 쉬노라면 새소리 물소리에 마음이 편안해 집니다. 속초 한달살이 중 가끔 찾아갑니다.","2020.05.20."
"5","용","산책하기 좋아요 사람도 별로없고 입장료도 없고","2020.05.13."
"5","Phile Lee","단풍철 스탬프투어를 하려고 신흥사 입구까지 가지 않고 여기서 도장을 찍을 수 있다.","2020.10.25."
"2","밀양 토박이","비데가  없어요 주변에 마트가 있긴한데 빈약하고 시내랑 떨어져있어  여행온 느낌이 안남. 차라리 돈 더주고 오션뷰가 보이는곳이 낫지않았을까하는  생각","2021.02.06."
"5","전성배","수학여행 호텔이져.. 요즘 수학여행 없어져서 호텔 장사 못하겠네..","2020.12.27."
"5","JOJO","넓고 깔끔하고 너무 좋네요 샴푸랑 바디워시 비누 수건 드라이기 있고 충전기도 종류별로 있어요","2020.07.19."
"1","거루칸몽둥이","자는데 무슨 소리가 주기적으로 나서 못잤고 1층은 불을켜면 바깥에서 안을 볼수있어 불편했고 실의 구분이  안되어  불편했고 이불  요등이 몇일에 한번 세탁하는지 께림칙했고 비슷한 강원도교직원수련원등과 비교 가격및 편안함이 떨어진다","2020.06.21."
"5","앵교","리모델링해서 엄청 방이 좋습니다","2019.09.27."
"1","사이다","나:어이쿠 정말","2020.11.20."
"1","욱이","4000원 김밥!","2020.11.17."
"5","윤금연","최고예요","2020.10.03."
"5","병기리","힘들다는 오색약수코스로 올라갔는데, 진짜 힘들긴 힘듭니다~!! 별로 볼것도 없구요~ 거리는 가깝지만 힘들어서 쉬다보면 오히려 시간은 더 오래걸리구요~ 산을 못타는 정도는 아닌데, 8시간 걸렸습니다~ 한라산 성판악코스 보다 더 힘든것 같아요~ 물을 많이 가져가야 하는데, 많이 가져가면 힘들어서 못올라 갑니다~ 그리고 날씨가 수시로 변하기 때문에 등산화가 많이...더보기","2020.08.21."
"5","공산당퇴치폭탄","최고예요","2020.07.13."
"5","수앤수 ella","설악산은 다시 방문하고 싶은 곳. 고금성 완전 멋짐~!","2021.02.26."
"4","김경찬","좋아요","2020.01.11."
"3","Dane","관광지 물가는 비싸다. 롯데리아에 가서 간식을 사 먹었다.","2019.04.27."
"4","박태양","좋아요","2020.08.31."
"1","jin-h","4인. 온돌방. 비수기 4만 원. 욕조 없고 웃풍 있어 춥고, 온수 미지근. 취사 불가. 방바닥만 뜨거움.","2019.12.15."
"1","천무","글쎄요~~~~","2017.08.05."
"5","minho","사장님도 친절하시고 가격도 싸고 좋습니다.","2015.08.16."
"5","하루","최고예요","2020.09.08."
"5","무아드","계단을 오르고나면 펼쳐지는 바닷가와 속초 시내의 감동","2019.08.24."
"5","반도","무료","2019.03.25."
"4","남성현","가볼만한 곳입니다. 많은 계단을 힘들게 오르면 넓게 펼쳐진 전경이 보상해줍니다. 날씨가 좋아 파란 하늘이 한 몫 했네요. ","2019.01.01."
"5","아름민니","작년 겨울에 다녀왔습니다 잘 알려진 곳도 아닌 것 같고 배낚시는 처음이라 걱정했는데 한시간 반동안 엄청 많이 잡아서 배터지게 먹고왔어요 (*˘◡˘*) 어버버하구 계속 같은 걸 질문드렸는데도 짜증 한번 안내시고 잘 가르쳐주시더라구요..! 말은 좀 짧으신데 기분은 안 나빴어요 매력이신듯 ㅋㅋㅋㅋ 속초 갈 일 있으면 담에 또 여기 이용할거에요 ","2020.05.22."
"5","진승재","배낚시 처음 가봤는데 물고기도 잘잡히고 시크하시면서도 선장님이 친절하시고 꼼꼼하셔서 좋았던 기억에 후기를 남겼는데.. 지속적으로 악플다시는분 있네요ㅋㅋㅋ 그리고 가계정이 아니라 친구들끼리 다녀왔다가 너무 좋았어서 다같이 올렸는데 무슨 문제라도? 실시간으로 올라오길래 상황지켜보는데 집요하시네요ㅋㅋ 왜이렇게 여기에 집요하나 올리신 글들 지켜봤는데 본인만 불만족...더보기","2019.07.25."
"5","허나윤","바닷바람도 너무 시원하고 마음이 뻥 뚤렸어요  좋은추억 만들고 갑니당~~~^^~~!다음에 또 갈게요!!~~!","2019.07.25."
"5","Hyejin","낚시처음해보는데 너무 재밌어서 시간가는줄 몰랐어요 바닷바람 쐬면서 스트레스가 다 풀렸네요 선장님 감사합니다^^","2019.07.24."
"5","김예진","작년겨울에 방문했었는데 같이 갔던 멤버들 모두 좋은 추억가지고 있어서 최근에 똑같은 멤버로 다녀왔어요~~사진은 겨울에 제가 직접 잡은 고기인데 배낚시 처음인데도 낚았었어요 ㅋㅋㅋ너무 재밌고 이번에는 제가 잡은게 없어서 아쉬움 가득하지만 다음에 또 속초여행 가면 무조건 예약하고 방문하려구요 ㅎㅎ 사장님 친절하시고 좋았습니다!!","2019.07.19."
"5","솔직뷰어","친구들이랑  가도 재밌어 요","2021.02.26."
"5","---","최고예요","2021.02.18."
"4","미갈루","주말인데도 주차하기 편했어요. 관람하다보니 중간에 퀴즈들이 있던데..미리안내받았으면 좋았을것같아요. 트릭아트쪽 직원분들이 마스크 미착용, 코밑으로 내려착용한경우 마스크 착용해달라고 말해주셔서 좋았어요. 다만 트릭아트는 오래됐는지 그림이 선명하지 않아서 아쉬웠어요. ","2020.06.23."
"5","klkm","가족들과 추억을 남기기에 좋은..","2019.10.07."
"5","안종찬","가족들 연인들 놀기 좋아요 어르신들께서는 미로탈출이 조금 힘들수는 있어요 아이들이 특히 좋아해요","2019.09.04."
"5","거짓말처럼","밤에 이곳에 올라와서 보는 울산바위와 속초시내 야경은 정말 뷰티풀~~ㅎ","2021.03.01."
"2","woo","유리창좀 와이퍼로 전문적으로 딱았으면좋겠어요  대충걸레로 문덴 흔적 끈적끈적하고 뿌여서 야경 잘안보이는듯","2021.02.06."
"5","여행마니아","속초 시내와 바다를 한 눈에 볼 수 있습니다 날씨가 좋을 때 와야 시원하게 볼 수 있습니다~ 남산타워와 비슷합니다~","2020.12.01."
"5","애슐리","미세먼지없이 맑은 날 부모님 모시고 갔는데 정말 전망이 좋아 만족스러웠어요.","2020.11.10."
"3","깜","청초호의 시그니쳐 야경이 예쁨","2020.09.21."
"4","숑","좋은 점 - 깨끗한 바다를 가까이서 볼 수 있어서 좋다.  물 색깔 정말 예쁨!!!   부족한 점 - 나무 데크 길이 넓지 않고 사람이 생각보다 많아서 조용하게 사진 찍고 걷기에는 무리가 있다. ","2021.02.07."
"5","K","환상적임","2020.11.21."
"5","정우상","최고예요","2020.01.29."
"5","차니윤","최고예요","2020.01.16."
"3","현현","보통이에요","2016.03.23."
"4","숑","좋은 점 - 깨끗한 바다를 가까이서 볼 수 있어서 좋다.  물 색깔 정말 예쁨!!!   부족한 점 - 나무 데크 길이 넓지 않고 사람이 생각보다 많아서 조용하게 사진 찍고 걷기에는 무리가 있다. ","2021.02.07."
"5","K","환상적임","2020.11.21."
"5","정우상","최고예요","2020.01.29."
"5","차니윤","최고예요","2020.01.16."
"4","ss","사람 진짜 많아요..","2021.03.10."
"3","띠방","보통이에요","2021.03.01."
"3","신수빈","사람 너무 많았고, 다들 닭강정이 손에 들려 있어요. 가격이나 판매하는 식품은 거기서 거기이고 그냥 한 번쯤 들러서 먹거리 사는 곳으로 괜찮아요.","2021.02.27."
"5","혜란","최고예요","2021.02.23."
"4","wowchef","좋아요","2021.02.09."
"5","lifetip","최고예요","2019.12.10."
"5","김철민","편하게 잘 시고 왔어요 ","2020.01.26."
"1","이린다","싸가지","2019.08.19."
"1","박영일","정말 더럽구 모기 나오구 다시는 가고 싶지 않네요","2019.08.19."
"1","오태식","pc방에 옛날 사각형 lcd모니터있는거 실화?","2019.08.09."
"1","솔향","찜방이 지하라서 별로임...","2019.05.22."
"5","전성현","가볍게 보기 좋고, 공연도 시간 맞으면 볼 수 있어서 좋았음. 발해 역사관 쪽은 왜 같기 있나 했는데, 드라마 대조영 때문인가 싶은?  천천히 둘러보기 좋음. 실향민들의 가옥을 세트장처럼 만들어 놓은게 좋았음.","2020.08.22."
"5","김민중","볼거리가많은곳이에요","2020.01.12."
"4","유미연","깨끗하고 좋아요..규모 크진 않지만 가볍게 전시 둘러보고, 초등아이들 체험 두세개하니 알차네요","2019.12.28."
"2","김 성욱","어린이 체험시설 때문에 방문하신다면, 시설이 낡아서 보수가 필요하다는 것을 감안하고 와 주세요~~ 수년전에 방문했을 때에도 낡았는데, 전혀 보수가 안 돼네여. ","2019.12.27."
"4","채제형","뭐 그럭저럭 속초와서 구경하기 좋은곳","2019.10.29."
"5","기묘","사람이 많지만 해변이 넓어서 좋습니다 솔밭도 있고요 다만 불꽃놀이 쓰레기가 많아서 어린이들은 주의가 필요합니다","2021.02.21."
"5","랄랄라","너무 아름답습니다~ 겨울바다 너무 좋아요~~","2021.01.16."
"2","Emily Ha","임시폐쇄입니다. 앞에 가드레일에 남자분들이 지키고 있어서 못들어갔어요. 아쉽네요 ㅠㅠ ","2020.12.27."
"4","52907","탁 트인 바다 힐링","2020.12.07."
"5","empty","정말 최고의 숙소였습니다! 룸컨디션도 너무 좋았고, 감성뿜뿜 예쁜 게하였어요ㅋㅋ사장님께서 직접 해주시는 조식도 너무 맛있고, 방이랑 화장실도 깨끗하고, 주변에 심야술집도 있구요! 또 속초시외버스터미널이랑 매우 가까워서 여행자들에게 최고! 바다랑 멀지도 않고 위치도 좋습니다. 제일 좋았던 건 너무나 친절하신 나긋나긋한 목소리의 사장님이였어요 매우 매우 친절!...더보기","2020.07.30."
"5","우","주변 동네 풍경과 가게들이 나들이 하기 좋고 사장님이 청결에 신경을 많이 쓰시는 듯 합니다! 또한 4인실에서 친구 둘과 모르는 한분과 지냈는데 셋 다 유령처럼 잘 지냈어요 굿굿","2020.07.25."
"5","김희영","나무랄게 없는 숙소네요 시설 깨끗하고 침구류도 화이트~ 도미토리 묵었는데도 불구하고 꿀잠 잤네요 숙소 이용시 필요한 사항 상세하게 문자 보내주셔서 낯선 환경에 새로운 사람 마주하는게 불편하신 분들은 딱이에요 조식때 사장님 딱 한번 뵙는데 왕친절 하시고 필요한 정보도 알려주시네요 재방문의사 200퍼 입니다^^","2019.12.31."
"5","카카오리뷰어","전병도 맛있고 막국수는 더맛있습니다 제스타일","2021.03.09."
"5","윤☆박사","^^소문만 듣고,,여행왔다 맘먹고 들렀습니다,, 넘넘 맛나게 잘먹었어요~~ 회막국수에 메밀만두,,낼 출발전엔 수육에 파전먹고 가야겠어요~~","2021.02.28."
"5","불친절한차차","수육이랑 회막국수 존맛탱","2021.02.28."
"5","나야나","오징어순대랑 회막국수가 특히 맛있었어요!!","2021.02.28."
"5","한혁","너무 맛있었습니다~!! 평가가 좋아서 한번 와봤는데 회막국수랑 수육이 정말 맛있었습니다!!! 사장님과 서빙해주시는 분들도 친절하셨고 가게도 깔끔해서 재방문하고 싶은 음식점입니다!!!","2021.02.28."
"5","myo","좋아요!!! 픽업 서비스가 좋았어요 숙소도 가격 대비 좋았습니다","2021.02.28."
"5","이승윤","너무너무 좋았습니다. 사장님도 너무 좋으시고 시설도 너무 좋았습니다. 저희가 가고자한곳들이 다 먼곳이여서 걱정했는데  운이좋아서(?) 차로 대부분 데려다주셨습니다. 좋은 추억쌓으며  편하게 여행했습니다~ ","2020.07.22."
"5","양현성","사장님께서 저희 놀러가는데 다 데려다 주시고 픽업 끝까지 너무 친절하게 해주셨어요. 청결도 그렇고 서비스까지 완벽. 개인 그릴도 있고 수영장도 있어서 재밌게 놀다왔습니다~~~","2020.07.22."
"5","김현문","청결, 시설, 가격, 위치, 친절  최고","2020.07.06."
"5","Heejin","사장님도 너무 친절하시고, 후기가 없어서 약간 걱정 했지만 시설도 너무 좋았습니다. 2박 3일 동안 푹 쉬다가 왔습니다^_^ 여름에 가서 수영장도 이용하고 싶네요. ","2020.05.07."
"5","조아유♥️","주변 순두부집 엄청 많음.. 현지인이추천해준 곳이에용 전골을 추천받았지만 먹지못함 ㅠㅠ  백반도 맛있었어요","2021.03.08."
"4","박종문","청결하고 맛있습니다! 가격을 조금 낮추고 양을 줄여도 괜찮을 거 같아요 :)","2021.03.01."
"5","ㅎㅎ","맛잇어욤 ㅎㅎ 양도 많고 근데 넘 배불러서 좀 남겨서 아쉽네요 ㅠㅠ담에 또올게요~~!!","2021.02.21."
"5","박상진","엄청 맜있다곤 않겠으나 유명하다는 집들보다 훨씬 편하고 만족한 식사했네요.맛있습니다.","2020.11.22."
"5","한미정","순두부 정식이랑 감자전 주문했는데 다 맛나네요 반찬으로 나온 메일전이 따끈하니 야들야들. 숭늉이 나와서 오징어젓갈이랑 먹으니 좋네요 나오면서 보니 손님들 가져가도록 비지랑 비닐도 있네요","2020.10.24."
"5","ss","평점보고 걱정했는데 저희 가족은 맛있게 잘먹었어요~^^ 밥도 돌솥밥이고 청국장이랑 된장찌개 시켜서 잘먹었습니다~","2021.02.27."
"1","여행마니아","늦은 시간에 배고파서 보이는데로 갔는데 너무 성의 없는 메뉴입니다 황태구이와 더덕구이 시켜먹었으나 가격에 비해서 반찬이 부실하고 성의없었습니다 손님이 왕이 아니라 주인이 왕이네요? 주인 또는 직원들 인사성이 바르지 않습니다 완전 비추입니다","2020.12.01."
"1","선샤인","음식값이 반값여도 안사먹을듯 모르고 갓으니 먹긴했늣데 수도권에선 이거 반값여도 이보다 맛있음","2020.11.08."
"1","이주희(해린,해준,해연)","음식맛은 중간정도....사람대하는(손님) 태도는 별 하나... 비 추천이요","2020.01.05."
"1","읍읍읒","진짜 악플 안쓰는데 음식도 별로고 서비스도 꽝이고 사람이 왜 많은지 이해가 안가네요,, 핵비추","2019.10.12."
"5","지니","잘 먹고 갑니다. 깔끔함이 느껴져요. 수저도 개별 포장되어 있어서 마음에 들었어요.  전화번호로 대기 걸고 기다릴 수 있어요. 연휴 + 테이블간 거리두기 로 예상 대기시간을 훨씬 넘기는점 유의하세요. 가게 앞 주차장은 전용주차장이 아니라 주말엔 헬이에요. ㅇㅣ쪽 자체가요.   다만 아쉬운건, 국밥용 공기밥이 좀 질어요. 그리고 순번 지나간 사람 뒤늦게 왔는...더보기","2021.02.27."
"4","ｈｏｎｇ.a","남자사장님 엄청친절하시던데.. 누가 불친절하시다는건지? 막 호객행위도 없었고.. 점심을먹고 가서 배가 불렀는데도.. 맛있게 먹었어요. 조금 남기긴했지만요.ㅠㅠ 밥안먹고갔으면 다먹었을거예요. 꼼꼼히 먹는방법도 알려주시고, 느끼하지않게 탕도 주셔서 맛있게먹었어요. 남은거 포장해주신다했는데.. 배가 너무 불러서.. 음식 남기고 오는게 죄송했어요ᆢ)","2021.02.25."
"5","김유림","최고예요","2021.02.19."
"5","이"," 직원뷴들 엄청 친절한데 불친절하다는 후기는 개인적으로 이해가 안가네요 ㅋㅋ","2021.02.09."
"4","나야나","주자하기 편리하고 내부가 깨끗하고 음식이 정갈하고  가성비있음.  ","2021.01.19."
"5","지니","잘 먹고 갑니다. 깔끔함이 느껴져요. 수저도 개별 포장되어 있어서 마음에 들었어요.  전화번호로 대기 걸고 기다릴 수 있어요. 연휴 + 테이블간 거리두기 로 예상 대기시간을 훨씬 넘기는점 유의하세요. 가게 앞 주차장은 전용주차장이 아니라 주말엔 헬이에요. ㅇㅣ쪽 자체가요.   다만 아쉬운건, 국밥용 공기밥이 좀 질어요. 그리고 순번 지나간 사람 뒤늦게 왔는...더보기","2021.02.27."
"4","ｈｏｎｇ.a","남자사장님 엄청친절하시던데.. 누가 불친절하시다는건지? 막 호객행위도 없었고.. 점심을먹고 가서 배가 불렀는데도.. 맛있게 먹었어요. 조금 남기긴했지만요.ㅠㅠ 밥안먹고갔으면 다먹었을거예요. 꼼꼼히 먹는방법도 알려주시고, 느끼하지않게 탕도 주셔서 맛있게먹었어요. 남은거 포장해주신다했는데.. 배가 너무 불러서.. 음식 남기고 오는게 죄송했어요ᆢ)","2021.02.25."
"5","김유림","최고예요","2021.02.19."
"5","이"," 직원뷴들 엄청 친절한데 불친절하다는 후기는 개인적으로 이해가 안가네요 ㅋㅋ","2021.02.09."
"4","나야나","주자하기 편리하고 내부가 깨끗하고 음식이 정갈하고  가성비있음.  ","2021.01.19."
"5","조예나","뚜벅이들에에 추천! 속초 이동할때 택시 타고 돌아서 가느니 갯배 타고 걸어가는게 훨 나아요! 완전 짱 좋은 이동수단 ㅎㅎㅎ 할아버지들 박력 넘치십니다 근데 힘들어보이셨어요 ㅠㅠ 젊은 사람들 이동하실때 꼭 도와주세요 ","2021.02.22."
"2","이곳은!!","재미있다. 어디서 이런걸 타보겠어요. 왕복 500원이면 적당할듯.","2020.09.12."
"4","맛나리","좋아요","2020.07.20."
"1","이슬찬","할아버지들이 친절하지도 않고 어떤 할아버지는 한손엔 담배에 다른한손엔 막걸리늘 들고계셧어요 갯배는 재밋긴했어요","2020.06.20."
"1","도느","소통안됨과 불친절끝판왕이에요 마을 안에 식당에 방문하려고 중앙시장쪽에서 마을가는 갯배를 타려고 했죠. 갯배모는 할아버지께 현금이 앖다고 매소표에서 카드 되냐 물어보니 일단 타라고 하셔서 아바이마을 매표소로 갔는데 막상 돈받는 아저씨가 카드도 안돼. 계좌이체도 안받아 . 마을안에 atm도 없어.너네같은애들 돈도 안내고 튀는 사람 많으니까 지금 당장 갯배타고 ...더보기","2020.06.09."
"2","Olivia","아쉽..","2020.03.31."
"1","ys.yi","별로예요","2020.03.08."
"5","강혜원","정겹고 맛있는 집들이 많고 갯배도 재밌었어요","2020.01.30."
"5","김영미","최고예요","2019.04.21."
"3","S","한번 쯤 가볼만","2019.03.29."
"1","이하나","난방을 아무리 해도 춥다니.  1년 지나 리뷰 씁니다. 내가 가봤던 최악의 숙소. ","2020.01.05."
"1","이은수","별하나도 안누르면 리뷰를 쓸수없어 하나 눌렀구여. 여기 절대 오지마세여. 주말이라구 요금은 더 비싸게 받으면서 시설은 여인숙이네여. 다리짧은 사람은 화장실 가다 넘어질거같아여. 코드도없구 핸펀 충전기도 없구 돈받구 방을 빌려줄거면  최소한 자는사람들 불편하게 하진 말아야져. 그리구 지금 저나오네여. 어여 나가라구 ㅋㅋ 강원도 좋아하는데 여기땀시 속초는 다신...더보기","2018.09.30."
"5","kenn","깔끔하고 좋습니다. 7층에 큰 방도 최곱니다","2015.03.21."
"4","A-GROUP","좋아요","2018.08.07."
"5","zero-_-","최고예요","2017.06.29."
"1","장 익","별로예요","2020.05.27."
"1","김경태","진짜 최악입니다. 90년대 침구류와 얇은 창문으로 우풍이 정말 세고 추웠어요. 복도는 오래된 먼지 냄새가 나고 오래된 박물관에서 나는 냄새가 나고 침구류는 묵혀둔 냄새가 많이 났어요. 다신 안갈듯.","2020.10.02."
"5","이영성","최고예요","2020.06.20."
"2","박양우{범준단비아빠}","리모델링은 안됐구요..딱90년대 콘도 느낌요..경치는 보이는게 없어요..지하시설도 한곳도 열지않아 내려가지못하게 되어 있구요 지하 주차장 또한 셔터내려져있습니다..직원분들은 친절하십니다..싼게 비지떡인지몰라도 주말엔 사람들이 좀 많네요..주차장도 좁게 느껴질만큼요.. 주변 척산온천은 추천합니다~리조트이용객은 할인받을수있어 그건 좋아요","2019.11.18."
"4","JQ","가성비 좋았음. 리모델링 된다고하니 더 괜찮아질듯","2018.04.17."
"4","신수빈","밤에 갔는데 환하고 날씨 좋은 날에 더 예쁠 것 같아요.","2021.02.28."
"5","이슬찬","야경도 좋고 ㄹㅈㄷ","2021.02.07."
"3","정한수","속초바다  제대로 느낄수 있음 ","2020.12.17."
"5","ㅇ","마음이 탁 트이는 멋진 곳","2020.11.29."
"4","kunic choi","영금정은 정말 좋아요~ 예쁘고 아기도 정말 좋아했어요. 그리고 절대 영금정 가는길에서 파는 군밤 사먹지 마세요. 아기 먹이려고 샀는데 군밤장수가 애들도 잘먹는다며 맛있다고 해서 5천원 주고 샀는데 정말 세상에 절반이 썪었어요. 정말 양심없는 군밤장수입니다.","2020.11.22."
"5","하루","최고예요","2021.02.18."
"5","ㅉㅇ","사랑하는 호수. 이모습 그대로 남아주었으면.","2021.02.10."
"3","정한수","넓다. 산책하기 좋은  ...  ","2020.12.17."
"5","이안","최고예요","2020.10.03."
"4","ms","화장실이 부족. 호수는 진짜 좋네요. 인도가 좁음. ","2020.09.26."
"1","newstar","별로예요","2020.09.25."
"4","아세트아미노펜","맛있어요. 초당순두부랑 얼큰, 모두부시켯는데 다괜찮네요.   정식기본 찬에 두부부침이나와서 모두부 시킬까말까하시는분은 안시켜두될둣ㅎㅎ담엔 전골도 먹어보고싶네요 강릉 순두부촌보다 맛있네요~ 고소하니 잘먹었습니다","2018.09.27."
"4","이승석","주차시부터 문도열어주고 친절함 역시 휴게소에서나 먹는 순두부와는 다름 담백한걸 원하면 초당순두부 정식 얼큰한걸 원함 얼큰순두부 1년전보다 가격은 올랐으나 괜찮은듯 전병을 입가심으로 시킴. ","2018.08.31."
"3","마린69","순두부 고유의 향과 맛 후식은 콩물 특이함 초당순두부정식 8,000원 모두부 12,000원","2017.07.25."
"3","리틀미이","보통이에요","2016.09.25."
"5","박세혁","최고예요","2020.07.25."
"5","joon","가족여행 속초올때 순두부먹을때 이리와요. 명태체 맛나고 오징어순대도 아바이마을  단천  신다신보다  맛나네요","2020.03.08."
"1","댕댕쓰","사장님은 매우 친절하시게 하시지만,, 속초와서 순두부를 드시겠다는 분들에게는,,비추에요 순두부에서 문내좀 나고,, 밥도 조금 오래 되어보이고,, 오히려 천원 더 주고,, 다른 곳을 추천합니다,, 다른 곳은 그만한 맛과 깨끗함이 있으니까요,,","2020.03.06."
"2","친절하고 맛있게","친절하시고 화장실도 깔끔합니다. 다만 속초 로컬분들이면 모르겠지만 속초에 와서 순두부를 드시고 싶으신 분들이라면 맛이... 좀 줄서더라도 맛있는 집 가세요... 다음번에는 줄서더라도 맛있는데 갈래요..","2020.03.05."
"3","와사비","그냥 그래요. 서버는 외국인이 보심. 감자전 기름맛 많이 나고 별로였어요 가장자리만 맛있음 옥수수동동주는 가격 5천원으로 올랐는데 업데이트가 안됐네요. 여기보다 학사평길 쪽 ㅊㅇ손두부가 더 맛있네요.","2019.12.28."
"2","ㄱㄷㅇ","속초해변 가려다가 주차자리가 없어서 우연히 가게되었어요. 주차장은 넓지 않지만, 무료입니다. 다만, 해변 자체는 크게 좋지는 않습니다. 모래사장이 너무 가파르고, 좁습니다.","2020.07.20."
"4","뽠따스틱 갱군","개인적으로 참 좋아하는 해변. 게도 잡을 수 있고 모래도 굵고. 정감가는 해변이다.","2020.07.04."
"3","맛있는거 죠아","코스가 길지 않아 짧게 산책하면서 바다 보기 너무 좋음","2020.05.04."
"4","flow","바다향기로로","2019.09.18."
"1",".","이번에 국내 여행 속초 (외옹치항 해변) 갔다가 해변가에 파라솔 듬성듬성도 아니고 해변가 앞에 빽빽히 꽂아두고 빈 자리에 앉지도 못하게하면서 진로 방해된다며 욕하면서 시비거는거 경험하고 다시는 국내 여행 안가가로 마음먹음. 자연 경치를 가지고 돈벌이 수단으로 이용하는 사람들. 생계수단이라는데 그래 이해한다고 치고 근데 도대체 파라솔을 설치하려면 그냥 돗자리...더보기","2019.08.15."
"3","송 희경","사진은. 늘 그럴싸하게. 찍어놔서 ㅎㅎ  주인분들은 좋아요. 지하주차장은 없어요.","2020.01.25."
"1","봄가을뚱뎅이","1인당 10만원의 폭리를 취함","2016.08.14."
"5","은평금천","일 때문에 토욜 새벽늦게 도착했는데 편하세 있게끔 배려해 주시고ㄱㅅ","2016.01.20."
"5","shawn","위치좋고 친절하고 깔끔합니다.","2020.12.19."
"2","주동윤","모기가넘많아서  많이물렸어요 11월인데..  왤케  방안이  덥죠   개별난방이안되나봐요 그래서 창문을 열면 개가 왈왈오라르르와르내목소리보가더커  에어컨은 소음좀나영","2020.11.22."
"4","재형","위치도 좋고 깨끗","2020.10.24."
"5","펭귄","이 정도면 훌륭합니다~~여행하면서 하루 묵기 좋아요 가격대는 약간 있는편입니다","2020.09.18."
"3","보름달","잠자기에 적당한 침대, 금-토 소음은 그닥 나지 않았음 에어컨 빵빵 코로나19로 인해 조식 x 전자레인지, 커피, 정수기는 사용가능","2020.07.20."
"5","유창훈","후기 작성하러 이집 다시 검색하였습니다 라마다호텔 투숙후 근처 맛집 찾아다녔으나 쉽지가 않았습니다 몇해전 속초에서 리뷰보고 찾아간 집에서 덩탱이를 쓴적이 있어서... 주변 마트직원분의 추천받아 가서 10만원 세트 메뉴 먹었는데 회도 신선하고 양도 많고 사장님도 아주 친절 하여 적극 추천합니다 정신없이 먹느라 사진을 못 찍은게 아쉽군요","2021.03.06."
"5","Gary","게+회 셋트 3명이서 먹고 물회랑 오징어회도 더 주시고 너무 잘 먹고갑니다.매운탕도 맛 나네요 가게가 넓어서 이 시국에 편하게 신경안쓰고 먹고, 친절하시고 담에 또 올게요.","2021.03.05."
"2","맛맛이","메뉴판 자연산 모듬회, 그냥 모듬회있는데, 자연산 小자 160000원인데, 그냥 모듬회랑 비교하면 대동소이함. 전번주 여수 디 오션리조트 근처 횟집에서 먹은 3인상 80000원과 비슷. 근데 여수 횟집이 주변안주가 훨씬 good. 그냥 모듬회 드시라는 뜻입니다.","2021.03.05."
"5","♥박연욱 David♥","최고예요","2020.11.13."
"5","성규","속초 자주 갑니다~ 언제나 라마다 앞 일출봉 들립니다~ 주말이라 사람이 좀 많아도 믿고 이 집으로 고고고~ 게 먹고 회먹고 밑반찬 리필해서 또 먹고!! 그리고 근처 등대길 배부르게 산책하면 대포항 미션 컴플릿!! 추천 합니다 #속초맛집 #대포항횟집","2020.11.13."
"2","diary","조금 아쉬워요","2018.01.18."
"4","유석산 融濟","이 지역은 한때 유명한 전국 학생들의 단체 수학여행 숙박촌이었다. 지금은 코로나 바이러스로 관광객의 발길이 뜸해지면서 예전의 활기는 없어진 상태. 그러나 금년(20년) 6월, 화끈한 아저씨로 주인이 바뀌면서 개보수를 단행, 월세방으로 일부 운영하며 모텔에 이용객들이 늘어나고 발걸음이 붐비는 중이다. 월방은 1인 35만, 2인 45만원 정도이고 1일 숙박은 ...더보기","2020.11.18."
"5","김종혁","음식이 정갈하고 깨끗합니다! 순두부도 너무 맛있고 다음에 꼭 다시 방문할게요!!","2021.01.03."
"5","KIMML","김치가 순두부에 잘 어울렸고 다른집 보다 고소한게 맛났습니다. 친절하신 점도 좋았어요! 다음에 재방문하려고 리뷰남겨놓습니다. 번창하세요!","2021.01.03."
"5","❤❤대가온족발❤❤","최고예요","2020.11.30."
"5","정희^^","담백하고 건강한 맛집이네요 총각김치만 빼고 김치. 배추무친거. 해초류반찬 등 리필해서 잘먹었습니다. 순두부 양이 쫌 많아서 밥은 많이 남겼네요. 밥은 쌀이 좋은듯. 간만에 맛있는 집 찾았네요. 잘먹고갑니다~","2020.11.23."
"5","정","두부 전골 정말 맛있어요  많이 자극적이지 않고 두부도 맛있어요! 로컬 맛집인거같아요 주위에서 일하시는 분들이 단체로 오셔서 밥 드시네요 ","2020.10.24."
"5","행복","반찬도 해장국도 무엇보다 밥이 맛있는 집","2020.11.18."
"5","8875","속초 갔다가 늦은밤까지 영업하는 음식점 발견 사막에 오아시스만난. 기분으로 들어가서  감자탕뚝배기 식혔는데 맛있어서 공기밥2개 해치웠습니다 ","2020.06.08."
"3","달팽이 안단테","늦은 시간.. 해장국.","2020.01.15."
"5","사과나무","맛있어요~ 속초여행갔다가 저녁먹고 아침도 먹었어요~ 반찬도 깔끔하고 친절하셨어요^^","2019.12.20."
"5","Senu","뚝배기감자탕 8000에 푸짐한 반찬과 김치가 맛있고 속초에 정말 몇 안되는 24시간 식당입니다.^^","2019.08.26."
"5","일","너무 좋은 효소찬과 나물 계절마다 변하는 약초찬이 신기하고 디톡스 하는 느낌을 받았습니다 요리에 대한 친절하신 설명 감사했습니다","2021.02.25."
"5","인생잼잼","맛있었어요!! 반찬은 대체로 초절임? 한것들이라 시큰달큰한데 괜찮았어요. 자취하느라 잘 못먹는 나물 종류 많아서 좋았어요!","2021.01.02."
"4","소소","정식먹었는데 음식하나하나 다 맛있었어요","2020.12.04."
"1","hjyou","먹지도 않은 사람들이 쓴 리뷰같은데, 확실한건지 모르겠네요. 남자분 정말 매너 없네요.","2020.11.02."
"5","박종만","오래되도 맛이 변하지 않는 곳이에요 앞으로도 변함없이 자리 지켜주세요","2020.10.29."
"3","킹옄","나름 깔끔하네요 그게다입니다. 주차장이 좀 멀리있는게 흠","2020.07.19."
"1","YoungminYu","바로밑에 노래방에서 오는 소리 및 복도소리 방음이 매우 열악함. 침구가 깨끗하지 않았으며 내부 시설에 비해 가격이 너무 비쌈.","2018.01.08."
"5","아름다운 날들","너무 깨끗해서 좋았어요 다음에 또갈게요","2016.09.04."
"1","마이콜","바가지 심함","2016.07.22."
"4","주민","무료로 족욕을 할 수 있어 좋음. 설악산 케이블카 타기 전/후에 들르기 좋다. 지역주민들이 더 많이 이용 하는 듯. 타올과 방석은 1000원에 대여할 수 있는데 사실 별 필요는 없음. 온천수는 그대로 말리는게 더 좋고... 스아실.. 타올 대여하시는 분 쪼꼼 불친절쓰... 벌레가 쪼꼼 떠있고 그렇긴 하니까 감안하시고 하셈. 주차장 들어가는곳을 인도 경계석 ...더보기","2020.07.17."
"5","긋데이","온천수라 따뜻하고 무료이용이라 너무 좋아요 주차도 무료 ","2020.07.09."
"1","이유리","관광객이랑 싸우려는건지 일을 하려는건지 구별을 못하는 사람이 있음.  다른 리뷰에 불친절하다는 얘기가 괜히 있는게 아님.  서비스 관련 강원도지사님께 건의가 필요할 정도","2020.05.27."
"1","Gil-!","내가 깔개 가져가서 쓰려고 하는데  못 쓰게 하고 빌리라는건 조금 아니지 않나? 개인 시설도 아니고 시에서 운영하는건데..","2020.05.21."
"4","최선생","따뜻한 온천물에 발을 담고 있노라면 걷기의 피로가 가시고 피부가 좋아지는 느낌. 깔개와 수건을 대여하며 1인당 3천원을 받음. 그런데 물에 벌레가 떨어져 죽으면 채로 건져주면 좋겠습니다.","2020.05.20."
"4","Jay","모듬물회를 먹었는데 쫄깃하고 양념도 맛있고 버스 타기 전 근처에 있어 들어 왔는데 생각외로 맛있었음. 반찬도 모두 깔끔하고 간도 딱 맞고 주인분도 친절하심. 이쁜 고앵이도 있고:)","2019.10.14."
"5","MFG","가자미물회","2019.07.21."
"3","왈리","홀에 고양이가 돌아다님 맛은 있음","2015.08.07."
"3","심동섭","황때찜 먹을만 해요 영탁막걸리 한잔 사장님 친절하신데 일하는 아줌마 처음 공깃밥 안시키고 나중에 주문하니 머라고 하네요 같이간 일행하고 기분잡침 어디든 불친절 종업원때문에 점수 마이너스 되네요","2020.06.28."
"1","맛집요정","넘나별로...  돈아까움... 진짜 비추...","2020.06.16."
"1","J H","감자전은 덜익혀서 나오고 물컵은 대충 행군건지 립스틱자국 남겨져 있더군요. 음식 왠만하면 돈아까워서 안남기는데 남겼습니다.","2020.01.06."
"1","H.C♡","3가지 음식 두부전골.황태찜.불고기백반  전골 너무 짜고 맛 없구요 나머지 음식은 집에서  해도 그 정도는 하겠네요   ","2019.08.17."
"1","ㄱ♡막돼먹은 순덕씨~♥","워터피아갔다가 배가 엄청고파   찾은맛집..  카카오맵추천으로 왔는데요..  맛이없습니다. 진정.. 배가고팟지만 정말 맛이 없었어요..  ㅡㅡ 직원분들은 뭐 딱히 불친절한것은 없습니다마.   음식의 맛이 양에비해  적고 맛도없고.. ㅉㅉ  실망입니","2019.08.17."
"2","거믄그림자","송림순대 가려다   맛있는녀석 방송했길레 들어갔는데...오징어순대는 단백한  맛은 있는데 내 입맛에는 송림순대가  더 맛있네요. 물회는  비린네가 약간 나네요. 서비스 미역국은 짜지만 맛있네요!","2021.02.21."
"5","mkim","오징어순대&먹물순대 포장해서 먹었는데 계란물에 발라 기름에 부치지 않고  찌는 방식인데 단백하고 맛있었습니다 (개인취향입니다) ","2021.02.07."
"3","행운동꿀주먹","맛녀석 보고 갔는데 오징어순대 살짝 실망쓰..","2021.02.02."
"2","최선을","집사람과 찾은 진양횟집.  괜찮은데...물회 생선비린내가 살짝....  맛은 반찬이 더 좋음  ㅎ","2021.01.20."
"2","비정상이용자","에잇","2020.12.13."
"3","ㅇ","보통이에요","2021.01.24."
"5","myunghee","언제나 가도 변함없는 곳 가격 바가지 없고 과장된 친절이나 불친절 없고 숙소침구며 대욕탕도 깨끗합니다 가까이 설악동도 있고 여러 곳의 접근성이 좋아요 특별한 목적없이 쉬러가기에 좋은곳입니다","2020.08.18."
"4","考え中","등산후 월요일 오전에 방문 물은 깨끗했음. 소박하니 옛날 목욕탕이 생각나서 좋았고., 내 발에 무좀이 있는데 다녀오고 난 후 80%사라짐 100%진심 다음에 재방문 의사 있음 약간 비릿한 냄새가 난거 빼고, 나름 괜찮았음.","2020.04.29."
"1","소나자매","진짜별로에요 온탕에 들어갈수없을정도로 떼랑각질이 둥둥떠있어요  애들이랑들어갔다가 샤워부스에서 씻고나왔네요  진짜 탕좀 깨끗하게해주세요 멀리서 온천물좋다구갔는데 너무하네요","2020.03.15."
"5","avo","온천 물이 진짜 좋음!!! 설악소공원 갔다가 들르면 좋은 온천이다 온천 좋아해서 국내 여기저기 온천 많이 다녔는데 물이 제일 좋은듯! 부들부들하고 . 시설은 신식은 아니고 오래됐지만 노후한 느낌이 아닌 옛스러운 느낌이고 깨끗함. 아쉬운 건 아이들 데리고는 가기 힘들 것 같다는 점. 온천탕이 총 3개인데 43도인 온탕 두 개 그리고 얼음장처럼 차가운 냉탕1개...더보기","2020.02.09."
"1","도느","날이추워 가족탕이용했는데 직원도 불친절하고 청결도가 너무 떨어지고 시설이 열악했어요 5층객실에 세면대도 막혀있고 변기와 온천탕이 한곳에 있고 온천탕도 너무 좁고 냉장고는 열자마자 구린내 나고 침대는 그냥 더블인지 너무 작고 위생상태도 믿음이 안가네요 당직인 남자직원도 표정과 말투가 너무 퉁명스럽고 불친절하네요 다신 안갈듯 합니다.","2021.02.02."
"5","젊은노인","온천 쵝오수질","2021.01.15."
"1","유지현","청결하고는 거리가 먼곳입니다.요즘에도 이런곳이 있네요.리뷰에 지져분하단 말이 많았는데 그래도 혹시나 했는데 역시나...침구류는 안바꾸나봐요?? 사진보시면 머리카락에.. 먼지.. 오래쓴듯한 꼬질꼬질함... 찝찝해서 혼났어요. 입구에 써진 청결 문구는 뭔가...싶어요. 요즘같은 시기에 방역은 제대로하는지 모르겠네요. 방 사진은 정말 잘찍어놨네요.실물은 작아요....더보기","2020.12.23."
"1","Kellain","방음 완전 최악. 위아래 떠드는 소리가 왜 들림?? 소리 지르는 것도 아니고 그냥 얘기하는 소리인데도 들림... 겉만 바꾸지 말고 속을 보강하던가 해야지 ㅉㅉ","2020.12.05."
"4","지롱","숙박과 온천을 할수 있는곳","2020.11.21."
"4","주민","무료로 족욕을 할 수 있어 좋음. 설악산 케이블카 타기 전/후에 들르기 좋다. 지역주민들이 더 많이 이용 하는 듯. 타올과 방석은 1000원에 대여할 수 있는데 사실 별 필요는 없음. 온천수는 그대로 말리는게 더 좋고... 스아실.. 타올 대여하시는 분 쪼꼼 불친절쓰... 벌레가 쪼꼼 떠있고 그렇긴 하니까 감안하시고 하셈. 주차장 들어가는곳을 인도 경계석 ...더보기","2020.07.17."
"5","긋데이","온천수라 따뜻하고 무료이용이라 너무 좋아요 주차도 무료 ","2020.07.09."
"1","이유리","관광객이랑 싸우려는건지 일을 하려는건지 구별을 못하는 사람이 있음.  다른 리뷰에 불친절하다는 얘기가 괜히 있는게 아님.  서비스 관련 강원도지사님께 건의가 필요할 정도","2020.05.27."
"1","Gil-!","내가 깔개 가져가서 쓰려고 하는데  못 쓰게 하고 빌리라는건 조금 아니지 않나? 개인 시설도 아니고 시에서 운영하는건데..","2020.05.21."
"4","최선생","따뜻한 온천물에 발을 담고 있노라면 걷기의 피로가 가시고 피부가 좋아지는 느낌. 깔개와 수건을 대여하며 1인당 3천원을 받음. 그런데 물에 벌레가 떨어져 죽으면 채로 건져주면 좋겠습니다.","2020.05.20."
"1","김병선심판위원!!","완젼별로고요. 호텔은 무신! 최하급 모텔이고, 그이하입니다. 민박집도 여기보다 좋을 듯! 급하게 잡긴 했지만, 이제껏 주말여행 중에 최악의 숙박장소였네요! 별하나도 아까워요. 특히, 침대도 스프링 다나가고, 한 쪽으로 기울어서 자다가 떨어졌네요ㅠㅜ","2020.11.15."
"1","푸르미","호텔이란 이름의 여관장... 내부 더럽고 어메니테 갖춰진것도 거진 없으며  청소상태불량 타원마져도 비치안되 직접 가질러감 25000원받음 맞음. 그이상 주고 묵지마세요","2020.08.21."
"1","카멜레온","호텔이람서 모텔보다 못함. 주말 3박에 500,000원 하우스키핑 안함, 샤워 수압 약하고 뜨거운 물 안 나올 때 있음 3nights for 500,000won.THE WORST NO HOUSE KEEPING. BAD SERVICE. ","2020.08.16."
"4","박윤덕","좋아요","2021.03.11."
"5","진주","안좋은 리뷰들이 간혹 있어서 걱정했는데 저는 다 만족했어요. 물회, 전복죽, 성게비빔밥 시켰는데 음식 다 정갈하게 나오고 맛도 좋았어요.  먹는 내내 창가자리 뷰도 너무 좋았어요.  직원분도 먹는법도 친절하게 알려주시고 기분좋게 다녀왔네요. 부모님 모시고 가기 좋아요. ","2021.03.07."
"5","이창희 흰수염고래","어제 강원도 여행갔다가 딸의 강력추천으로 갔었는데 왜 그렇게 사람들이 많이 있고 대기시간 길어도 먹으려고 기다리는지 음식을 먹으면서 몸과 입으로 느꼈습니다.    강원도가서 대게 4인 20만원대 먹는것보다 이 집에서 이것 저것 4인가족 10만원으로 해결하는게 가성비도 좋고 맛있고 만족스럽다는걸 느꼈습니다.    서울 강남점도 함 가 봐야 겠네요.","2021.03.01."
"3","myo","맛은 그냥 평범하게 맛있었어요 양은 가격에 비하면 좀 적어요 웨이팅하면서까지 먹을 맛은 아닌것같아요.. 그래도 뷰는 정말 좋았어요","2021.02.28."
"1","신당아재","돈 아까움  ","2021.02.22."
"3","KㆍHㆍJ","비수기라서 그런지 관리가 안 되어 있어서 호수에 쓰레기(비닐,스트르폼등..)가 둥둥 떠다니는데 오리는 그게 먹이 인줄 알고 먹고있어서 지나가면서 내가 속초를 괜히 왔나 싶었지만 그런 점만 빼면 괜찮은 곳인거 같다.","2021.01.17."
"4","용","좋아요","2020.10.01."
"4","깜","수변데크길 잘 돼있음 낮엔 설악산자락과 바닷빛이, 밤엔 야경도 멋짐","2020.09.23."
"3","홍홍홍","장마철 똥물뷰","2020.07.24."
"4","Already06","호수 둘레길이 데크라 걷기좋았어요. 다만 호수에 부유물이 많아 아쉽네요.","2020.07.13."
"5","배주","나만 알고싶은 곳..!","2021.02.06."
"5","홍태웅","캠핑 취사","2020.08.16."
"5","먹을려고 사는애","최고예요","2020.02.13."
"5","주모리언니","작지만 한적하고 깨끗하고 좋아요~~","2019.06.14."
"5","오민경","아담하고 물 맑고 예뻐요 감사합니다^^","2019.03.25."
"5","진미채","11번가에서 이시가리 먹었어요~ 속초니까 우럭이나 광어처럼 평소에 먹는 거 말고 다른 거 추천해달라 했구요. 이시가리 1마리 5만원이었는데 멍게 해삼 오징어 전부 서비스였습니다... 대박! 회뜨는 비용 5천원 상차림비 5천원 들구요 매운탕드시면 7천원추가래요~~ 투명한 이시가리 넘 맛있었어요 ^^ 다른 회센타들보다 훨씬 깨끗해요~!","2021.01.21."
"1","정녕","승진호(19호)는 정말 좋았습니다. 그런데 게 쪄주는 곳이랑 회 포장해주시는 곳의 서비스가 최악이었습니다. 시간도 안재보시고 사과 깎아드시면서 담소나 나누시고, 시간이 지났는 데도 포장이 처리가 되지 않아 여쭈어봤더니 그럴거면 왜 쪄가지고 가냐고 뭐라하시더군요. 옆가게에서는 사장님들끼리 싸움이나 하시고, 여러모로 최악이었습니다. 다신 안올거같네요.","2020.11.22."
"5","김정곤","속초여행시 회는 필수로 드실것입니다. 속초관광시장지하에서 비싸게 그리고 지하에서 드시는 것보다는 이장소를 추천합니다. 록초관광시장에서 모듬회 소가 120,000원인데 청호활어회센타에서는 모듬회 소가 30,000원에 야채.매운탕 20,000원으로 총 5만원입니다. 밑반찬에서 차이가나는냐 것도 아니구요...  청화활어회센타 2층에서 멋진 풍경을 바라보면서 즐기...더보기","2020.03.03."
"3","Zero형","이유는 모르지만 사람도 거의 없구 횟집도 몇집 없구 회 사려는데 너무 저렴하게 주려하구 뭔가 이상한곳이에요ㅋ 그래도 저렴하게 회랑 매운탕 먹구 왔어요","2019.08.15."
"1","hyun-5775","홍게무한리필 현수막 붙여서 관광객 끌어모아 홍게 무한리필 먹었는데 게살은 하나도 없고 짜디짠 바닷물이 다리속에 꽉차 바다물만 빨아먹다왔네요. 글구 3번 리필후 더달라니 종업원은 본척만척 20분이 지나도 리필을 안해줘 그냥 나왔는데 배가 넘고파 숙소에서 라면으로 배를 채웠네요. 속초시 수협조합 절대가지마세요.","2017.11.17."
"3","^..^","그냥 먹을만하다..","2021.02.28."
"1","강소리","지금 먹고있는데 음...황태정식에 나오는 황태구이가 너무 달아요. 젊은 사람이라 단맛 싫어하지 않는데 좀 많이 달아요. 전반적으로.. 썩 맛있진 않아요","2020.03.29."
"1","박철호","맛없어요","2019.11.23."
"1",",","밥은 전날한건지 맛도없고  공기에  반만 담겨져있고  공기밥 추가하면 천원 ㅜㅜ 황태구이는  설탕을  얼마나  쳐뿌렸는지  달아서  먹지도  못했어요  ","2019.07.16."
"5","Marco Kim","1.맛: 순두부전골은 맵지 않으나 시원한 맛이 일품 2.친절:주차부터 서빙하는 분들까지 친절하십니다","2019.06.07."
"3","...","주인분은 친절하시지만 청소 상태나 사진과 다른 숙소가 아쉽네요","2019.06.16."
"4","청풍명월","업주의 친절함, 깨끗한 환경, 넓은 주차장 조용함 등 모두 편안합니다.  ","2017.11.19."
"5","LYS","사장님도 친절하고 엄청 맛있었어요! 두부전골 강추해요 ㅎㅎ ","2020.12.06."
"5","댕이","너무 맛있고 밑반찬도 잘 나와요! 국물이 맑은 게 매운 거 못 드시는 분들이 먹기 좋을 거 같아요!","2020.06.03."
"5","최영철","음식좋고 주차장 넓고 친절합니다","2020.03.07."
"2","주풍","그냥 순두부는 먹을만 한데 매운 순두부는 추천하고 싶지 않네요 밑반찬이 약간 아쉽구요 이집만의 특징이 있겠으나  저는 같은 가격이면 김영애 할머니를...","2019.10.11."
"1","손","여기...주인이 바뀐거 같은데....맛이 달라요  예전의 비슷한 맛.","2019.05.18."
"5","沈 垣益(심원익)","일반 커피매장을 가면 커피의 쓴맛이 강한데 뮤토커피는 커피쓴맛이 강하지 않고 부드러움. ","2019.01.02."
"5","dusrn70","갓볶아내린커피의 향내음 음  ㅡ ㅡ 넘 넘 맛딧다  치즈케익한조각과  넘 넘 부드러운맛 매일 생각난다","2011.05.13."
"1","솔직하게리뷰"," 클래식함을 기대하고 갔지만 올드했고, 무엇보다 위생상태가 호텔이라고 하긴 애매할만큼 황당했음. 환기구와 스탠드 조명은 먼지 투성이, 화장실 타일은 바닥이 깨진 상태로 방치되어 있고, 습기때문이라지만 화장실 천장은 검은 곰팡이 얼룩이 얼룩덜룩... 곰팡이 냄새까지 났음. 방음은 말해뭐해 수준.. 옆 방 대화소리까지 모두 들리는 정도.   그리고 주차공간이 ...더보기","2021.03.02."
"1","루나킹","1. 직원 불친절  1) 모든 직원은 아니였지만, 체크인 도와줬던 여자직원 완전 별로 였음  - 체크인 시간(오후 3시) 보다 좀 일찍 도착했는데, 3시에 체크인 하실수 있다고만 앵무새처럼 반복함 (융통성 있게 좀 일찍 들어가게 하면 될텐데...) 그리고, 보통 그렇게 시간 뜨면 어디에 계시라고 라고 할만 한데 아무말도 없음   2) 시설 안내도 전혀 해주...더보기","2021.03.01."
"4","김성혜","정말 노후가 뭔지를 알려주는 호텔인데 그래서 더 좋네요 로비, 객실 복도마다 소중한 물품들이 가득하고 세월의 흔적을 찾아볼 수 있어서 재밌었어요 아직도 소중하게 관리되고 있고 직원분들 한분 한분 다 너무 친절해서 기분 좋은 경험이었습니다~ 객실 커텐을 치면 귀곡 산장에 온 것 같고 요즘 세상이랑 차단 된 기분이 들어서 재밌는 경험이었어요 ㅋㅋㅋ","2021.01.01."
"4","신성환","22~23일 2박했습니다 코로나 땜시 조금 여유로웠는데 아주 좋았습니다 직원들도 친절하고~특히 23일 저녁 애비로드에서 담당자인 정주임의 친절한 서비스는 정말 고마웠습니다 다시 한 번 가고 싶네요~정주임! 고마워요","2020.12.25."
"4","R","작년 이맘때 갔었는데 정말 좋았습니다 풍경은 두말할 필요도 없고 호텔 안에서 시간을 보내도 지루하지 않았고 조식도 좋았습니다 그래서 또 예약 완료 눈이 마구 오면 금상첨화 ㅎ","2020.11.26."
"5","hjyou","스끼다시 잘 나와요~!!!!!!!!!!!!!!!!!!!!!!!!!!!!!!! 회 당근 맛있습니다!","2021.01.11."
"5","예다움","단체들어가기 평가좋은 횟집.스끼다시의 다양함과 회의 풍성한 양을 다 만족시킴 이시가리(돌가자미회 맛보시라","2021.01.05."
"5","ღ","자연산 회 진짜 드세요 달고 맛있어요!!대자리(170000원)시켰는데 4명에서 배부르게 먹었어요 매운탕도 옆에서 미리 끓여주셔서 바로 먹을수있게 해주셔서 편하게 먹었어요  스끼다시도 다 괜찮고 물회도 서비스로 주시고 오징어회도 그냥 주셔서 잘먹었습니다  친절하고 다 만족한 식사하고 나왔어요! 다시 가고싶은곳이에요!","2021.01.03."
"5","업데이트","개인적으로 속초를 거리가 별로 안멀어서 1년에 2~3번은 감 정말 여러횟집을 다녔지만.. 솔직히 맛은 다 거기서 거기임 내가 중요시하는건 이모님들 친절함? 그리고 청결한거랑 이렇게 보는데 코리아가 그중 제일 좋음","2020.11.09."
"5","지슈","오필승 코리아~! 횟집 이라고 응원 합니다. 맛있습니당 오징어가 입안에서 꿈틀되다 녹습니다","2020.11.03."
"5","우하파파~♡","☆☆☆☆☆ 막국수 엄청 맛있음~  ☆☆☆☆☆ 메밀전 쫄깃하고 고소함~  ☆☆☆☆ 수육 고기만 조금 덜 쫄깃하고 같이 먹는 양념된 것(?)은 입맛을 더 자극하고 자꾸땡김~","2021.02.21."
"4","Bella","국수 메뉴가 많지 않지만 맛있어요 직접 원하는 입맛으로 양념 제조해서 먹을수  있는것도 좋네요  자극적이지 않네요 딱 생각한 막국수 맛","2020.08.31."
"1","Senu","블로그마케팅 ㅅㄱ","2020.03.03."
"4","jamon","Good. 면이 고소함. 동치미가 아니고 육수임 2019.12.08 오랫만인데 여전히 좋다.","2019.12.08."
"5","엠마","막국수 너무 안달아서 좋았어요. 메밀전이 팔천원인데 꽤 크더라고요ㅋㅋㅋ두명이서 시킬 때 참고하시면 좋을듯!","2019.05.04."
"3","사실만말해오","속초 8경 중 하나  관리가 조금 아쉬움. ","2020.03.05."
"1","악동","별로예요","2020.10.01."
"5","나","최고예요","2018.10.07."
"5","솔직뷰어","좋아요.  또 가고 싶은데 멀다ㅜㅜ","2021.02.26."
"5","권민서","최고예요","2021.02.07."
"5","셀키","휴가기간 끝나고 가세요 비가 정말 많이와서 사람없을줄 알았는데 진짜 많아서 당황스러웠어요 방수용 마스크 입구에서 줍니다 아이데리고 온 부모들 많습니다 관찰해보니 부모가 마스크제대로 안쓰면 애들도 턱스크하고 부모가 마스크 정확히 착용한 가족은 아주 어린아기들까지 온가족이 잘 착용하고 다니더라고요","2020.08.05."
"1","JR","이 가격에 수건도 없고, 싸구려 스킨로션이나 면봉 하나 안갖다놓은 알뜰함에 놀라고 갑니다, ","2020.07.23."
"4","sp","좋아요","2020.07.02."
"4","투유","한 15년만에 재방문했네요.리모델링했다해서 기대가 컸는지 인테리어를 왜 이렇게밖에 못했을까 아쉬움이 많이 남아요. 침대방을 썼는데 딱딱한 매트리스는 넘어가겠는데 침대프레임이 움직일때마다 삐걱거려요.","2021.01.23."
"3","주발","생각지못한 호수공원뷰 넘 맘에든당@@ 하지만 조금 오래된 리조트라 그런지 쩜 마이너스 요인이 있습니당,,,","2020.12.31."
"5","최종윤","최고예요","2020.12.31."
"4","반짝반짝 빛나는","어른 다섯 유아 둘 로얄룸에서 편하게 잘 지내다 왔어요. 직원분들도 친절하시고 편의점이 넓어서 상품도 다양하고요.  ","2020.12.30."
"3","삼각산","2박3일숙박중.첫날...변기뚜껑고장나고 금가서 밤에 요청해서 교체.둘쨋날..샤워기들어서 샤워하다가 낡은 샤워기헤드의 날카로운 부분에 목에 4센티정도 쫙 긁힘.샤워기헤드 새걸로 교체.내가 객실점검중인거같은 생각까지들 정도.빨간약1회용줘서 발랐지만,후시딘은 1회용아닌 튜브라서 바르길 거절함.직원들은 친절하고 고객응대 잘하고,참 성실하고 객실깨끗하고  ...하지...더보기","2020.10.11."
"3","거루칸몽둥이","2층은 음식점이라 쫌시끄럽고 비교적 시설은  무난은 한데 방 방음이 잘안된게 흠이고 자체 주차장이 거의 없어서 쫌신경쓰임","2020.02.03."
"4","달JK","방에서 일출 영접 가능..! 날씨가 별로라 이 날은 실패했지만 후일을 기약하며 총총..","2019.01.13."
"2","민","금->토 라이딩으로 하루 여기서 머물었는데요...가격은 5만냥 바다 안 보이는 곳은 4만냥 그래서 5만냥에 그냥 잤어요...ㅠ.ㅠ 다른 곳은 7만원 정도 불러서....ㅠ.ㅠ. 잠은 잘 만 했는데 좀 부족 했습니다.","2015.10.26."
"5","빨강장미","바다끝이라 방에서 바다가 한눈에 보이니 가슴이 확~트이네요~ 방에서 일출도 볼수 있어서 좋구요...가격두 저렴해서 또와야겠어요^^ ","2012.05.01."
"5","김은","이동네서 최고인듯... 방에서일출까지...강추강추","2012.04.28."
"5","이현우 길손*LH Rain바람처럼","속초시내를 관통하면서 영랑호둘레길을 걸을 수 있는 프리미엄급 걷는 길~♡.","2020.12.18."
"1","Gyoungju.Ma","불친절하고..주인이 전화도 안받고~","2020.04.24."
"5","미카엘","최고예요","2019.05.30."
"1","에르메스구르텡","지금 여름에 장마인데 습하고 더워서 못지내겠습니다. 처음 입주할 때는 에어컨 잘 틀어주겠다고 해놓고는 너무 찔끔찔금 틀어서 튼지 안튼지도 모르겠습니다. 뭘 이렇게 구두쇠처럼 아끼는지.... 돈아깝네요","2018.06.30."
"1","꺼비","아무리 급해도 여기는 아닌듯합니다.  단 한달이라도 신중히 생각하시길.................. 새로온 현재 총무놈이 정말 싸가지 없음....... 인간 말종입니다.  주인에는 아부, 입주자들에게는 갑질 ..인사도 없고 무시/. 참 서글픕니다. 스트레스 땜에 이사갑니다. ","2017.09.11."
"1","디피","이곳은 정말쓰레기주인입니다세상에음식에더러운건기본이고라면도싸구려만사다놓고 주인부터가쓰레기입니다 여기는별점도아까워요절대오지마셈  총무님도주인이싫어서그만둔답니다말다한거죠","2017.04.01."
"1","최수지","대망한 가족여행 화룡점정!","2020.11.06."
"1","현니","별 한개도 아까워!방에 냄새나고 위생상태 엉망, 특히 소파에 먼지가 한층, 벽지랑 천장에 모기시체 적어도 20개,로비 직원이든 파킹직원이든 죄다 불친절 ㅠㅠ 가장 어이없는게 볼링,시작할때 여자직원분이 1명당 5000원,횟수 제한없다고 했는데 결제할때 판수에 따라 결제한다고 다른 남자직원이 우기고. 진짜 저 혼자 잘못 들었으면 몰라도 같이 가는 네사람이 다 ...더보기","2020.10.03."
"1","헤헤","불키면 바퀴들이 샤샥하고 숨는 그런 곳이에요. 워크숍 왔는데.. 일 할 맛 나네요..^^ 불을 못 끄거든요.. ","2020.08.25."
"3","정요섭","에어컨 쇼파 식탁테이블 냉장고 TV  더블 싱글 침대 두개 전기밥솥 가스렌지 그릇 등 콘도미니엄이라 있을 건 다 있어요 그런데 시설은 조금 낡은 점은 있어요 후기가 별로여서 걱정했는데 편히 잘 있다 갑니다 신세대에겐 별로겠지만, 단점 목욕탕 청소가 좀 부실함 여기만 더 잘하면 좋겠는데~","2020.08.25."
"4","NOMAD_GRASSHOPPER","좋아요","2020.08.18."
"4","뀨뀨","기본 명성은 있고 위치도 좋습니다 다소 조용하고 뷰도 좋아요 하지만 시설이 너무 오래되엇고 보일러는 중앙제어인지... 불편한점들이 있네요","2021.02.23."
"5","기묘","깨끗하고 좋았습니다 개별냉난방이라 편해요 낮은층의 마운틴뷰도 괜찮았습니다 주차도 편리합니다","2021.02.21."
"5","마있게","뷰 맛집이에요 19년초 방문했었는데 너무좋았음","2021.01.15."
"2","아이유참좋다","창문 청소 안 돼 있음 콘센트 작동 안 됨 복도 말 소리 문 닫는 소리 다 들림","2020.10.15."
"1","희선","일단 서비스만 괜찮으면 후하게 생각하는 나인데...........프론트 직원도 정말 놀랄정도로 안 친절했음 그리고 방은 꿉꿉한 냄새나고  침구류는 머리카락에.. 걍 라마다 갈듯 살짝 후회함  그냥 정말 뷰만 봄 ","2020.10.12."
"5","031star","수리하여 시설이 넘 좋고 방음도 잘되고  최고에요... 강추합니다","2021.02.16."
"4","JJJ","좋아요","2020.07.22."
"4","hello paul~","(한줄)오래되었지만, 가성비 좋은 곳!  성수기라 숙박비가 올라도 준수한가격으로 이용할만한 곳. (8.17~18 기준)해변근처 16~20 호텔아마란스 12 . 비수기대비하면 비싸지만, 성수기에도 크게 안 올린 것은 칭찬! 다른분들이 말씀주신대로 오래됐기에 계속 유지하려면 청결, 시설관리가 중요한데 관리자들도 다행히 아는가봅니다. ","2019.08.19."
"2","조지아","냉정하게 평가하면 아주 오래된 60년대 호텔입니다.  거기에  비해 로비의 고객응대는 아주 좋았습니다.  조식도 가격대비 좋았다고 남편이 그러더라구요 하지만 전 느낌이 좀 그렇더라구요 화장실 변기나 바닥 청소상태는 괜찮았지만  세면대에는 머리카락여기저기있고  어메니티는 그냥 모텔수준 1층 라운지에서는 오래된 식당의 퀴퀴한 냄새 남편이 숙소 예약하겠다고 했을...더보기","2019.06.07."
"5","동수","최고예요","2018.11.10."
"4","이광환","주인장님  너무 친절하시고  룸도 깨끗하고 좋은데   방음이 잘 안되는것   같음  복도 다니는 소리 다들리고   아침도 간단히 먹을수  있도록 우유와  식빵  후레이크 준비되어있음  우리는 안먹었지만... 다이닝룸  사용하시는분들   제발 깨끗하게 사용합시다   제발 쳐 드셨음  테이블이나 바닥좀 치웁시다   테이블, 바닥 끈적거려서  우리가 치우고 사용...더보기","2019.11.12."
"5","HEA","속초 화이트게스트하우스 정말 좋습니다. 5분간 걸면 속초 해수욕장이 있고 바로 나와서 보면 이마트가 있고 커피는 너무 맛있었어요. 또 생각이 나는 커피입니다. 사장님께서는 너무나도 친절하셨습니다.숙소에서 LG 인터넷만  안되고 SK. KT는 아주 잘 되었습니다. 여기서 2박을 하였는데 아이들도 너무 좋아했어요. 가평으로 가려니 여기서만 있다가면 안되냐고 할...더보기","2019.09.17."
"5","화이트스테이션 호스텔","대한민국 최고의 북유럽 갬성 게스트하우스~~^^","2019.08.17."
"5","백 경록","오랜만에 방문했는데 완전 맛있어요 제가 지금까지 먹어본 음식이 생선구이, 곤드레밥, 곰치국, 초당순두부  19년도 부터 다니며 단골 되었네요 멀리 충남에서 온 보람 있습니다","2020.11.08."
"1","청암","2년전 산악회에서 방문때  맛난기억있어 일행들에게 추천해서 재방문했는데 완전 다른 식당인줄ㅠ 정식도 황태국도 순두부도 밑반찬마저도 정말 성의없어요 가격대비 정말 별로! ","2020.07.28."
"3","에이맨","17명이 가서 여러 메뉴 시켰습니다 순두부류 메뉴는 맛있고 감자전은 쫄깃한 식감도 좋으나 청국장, 뚝불 등 그 외 요리는 별로 입니다 반찬은 나물류 외에 맛이 없습니다 순두부류 덕분에 평점 중간치는 나오는듯","2020.01.17."
"1","욱","리뷰보고 갔다가 정말 짜증나서 글남깁니다. 일단 청결이 최악이었고 (물통뚜껑 불청결+뚝배기그릇 코팅벗겨짐),  어른2명에 아이1명 갔는데 물먹는 종이컵 2개 주네요. (아이는 물먹지 말라는 소린지..) 황태해장국을 먹는데 소금국물이네요.. 너무 짜서 물타먹었네요.. 와 어떻게 이런식으로 장사를 하시는지.. ","2020.01.13."
"4","강대혁","감자전이죽여줘요^^","2019.02.07."
